{
  "project_info": {
    "project_number": "247712367604",
    "firebase_url": "https://life-unblocking-default-rtdb.firebaseio.com",
    "project_id": "life-unblocking",
    "storage_bucket": "life-unblocking.appspot.com"
  },
  "client": [
    {
      "client_info": {
        "mobilesdk_app_id": "1:247712367604:android:0c4012a4457a9227762fa1",
        "android_client_info": {
          "package_name": "com.abkorim.LifeUnblocking"
        }
      },
      "oauth_client": [
        {
          "client_id": "247712367604-5fko9hgobirlk9vgchnm840n0r14igp1.apps.googleusercontent.com",
          "client_type": 3
        }
      ],
      "api_key": [
        {
          "current_key": "AIzaSyB-xXTvpv_3XO_YnwadPyvfXbIcZHFamSI"
        }
      ],
      "services": {
        "appinvite_service": {
          "other_platform_oauth_client": [
            {
              "client_id": "247712367604-5fko9hgobirlk9vgchnm840n0r14igp1.apps.googleusercontent.com",
              "client_type": 3
            },
            {
              "client_id": "247712367604-3kfiknjth5ad5ta3ajo50lgnocffuv9h.apps.googleusercontent.com",
              "client_type": 2,
              "ios_info": {
                "bundle_id": "com.abkorim.LifeUnblocking"
              }
            }
          ]
        }
      }
    }
  ],
  "configuration_version": "1"
}